title,country,max_views
To Our Daughter,GB,62338362
To Our Daughter,US,56111957
To Our Daughter,CA,51243149
To Our Daughter,DE,48635732
To Our Daughter,FR,44818108
T-Mobile | #LittleOnes | 2018 Big Game Ad,US,15045586
How To Do Cucumber And Condom Case Facial Easy Face Mask At Home To Get Clear Glowing Skincare,DE,9279003
The New Snapchat in 60 Seconds,GB,3658155
The New Snapchat in 60 Seconds,US,3511909
The New Snapchat in 60 Seconds,CA,3352913
Boney Kapoor â€˜s Ex Wife Funeral,CA,3330473
à¤¯à¥‡ à¤¹à¥à¤† à¤¥à¤¾ à¤…à¤‚à¤¤à¤¿à¤® 15 à¤®à¤¿à¤¨à¤Ÿ à¤®à¥‡à¤‚. à¤¦à¥‡à¤–à¤¨à¥‡ à¤µà¤¾à¤²à¥‡ à¤¨à¥‡ à¤¬à¤¤à¤¾à¤¯à¤¾. à¤¶à¥à¤°à¥€à¤¦à¥‡à¤µà¥€ à¤ªà¤° à¤¬à¥œà¤¾ à¤–à¥à¤²à¤¾à¤¸à¤¾ / Sridevi / Boney Kapoor,CA,3291789
Boney Kapoor's ex-wife Mona Kapoor Funeral,CA,3115246
Hatim Idar - Banat dounia (Exclusive Music Video) | Ø­Ø§ØªÙ… Ø¥Ø¯Ø§Ø± - Ø¨Ù†Ø§Øª Ø§Ù„Ø¯Ù†ÙŠØ§,FR,3054920
SRIDEVI'S DEATH FUNERAL FULL VIDEO,CA,2895813
ã€å…¬å¼ã€‘åŠ‡å ´ç‰ˆãƒã‚±ãƒƒãƒˆãƒ¢ãƒ³ã‚¹ã‚¿ãƒ¼ ï¼’ï¼ï¼‘ï¼˜ã€€ç‰¹å ±,GB,2753967
Gudauri Ski Lift accident Leaves at Least Ten injured - Part 2,DE,2313458
Gudauri Ski Lift accident Leaves at Least Ten injured - Part 2,CA,2313458
The New Snapchat in 60 Seconds,FR,1894753
The New Snapchat in 60 Seconds,DE,1894753
Samsung Galaxy Unpacked 2018 live stream,DE,1871810
SessÃ£o de Julgamento da 8Âª Turma do TRF4 na apelaÃ§Ã£o criminal 5046512-94.2016.4.04.7000 - 24/01/18,DE,1762295
Samsung Galaxy Unpacked 2018 live stream,FR,1588761
ã€KINGDOM HEARTS IIIã€‘Â ãƒ†ãƒ¼ãƒã‚½ãƒ³ã‚°ç™ºè¡¨è¨˜å¿µTrailer,FR,1448760
ã€KINGDOM HEARTS IIIã€‘Â ãƒ†ãƒ¼ãƒã‚½ãƒ³ã‚°ç™ºè¡¨è¨˜å¿µTrailer,DE,1448760
æ˜ ç”»ã€BLEACHã€ç‰¹å ±ã€HDã€‘2018å¹´7æœˆ20æ—¥ï¼ˆé‡‘ï¼‰å…¬é–‹,GB,1437894
ã€å…¬å¼ã€‘ã€ŒåŠ‡å ´ç‰ˆãƒã‚±ãƒƒãƒˆãƒ¢ãƒ³ã‚¹ã‚¿ãƒ¼ ã¿ã‚“ãªã®ç‰©èªã€äºˆå‘Šç·¨1,GB,1385396
Ù…Ø§ Ù‡ÙŠÙ‡ Ø§Ù„ÙˆØ¶Ø¹ÙŠÙ‡ Ø§Ù„Ù…Ù†Ø§Ø³Ø¨Ù‡ Ø¹Ù†Ø¯Ù‡ Ù…Ù…Ø§Ø±Ø³ØªÙƒ Ù„Ù„Ø¬Ù†Ø³Ø³  ( Ø´ÙˆØ§Ø±Ø¹ Ø§Ù…Ø±ÙŠÙƒØ§ Ø§Ø³Ø§Ù„Ù‡ Ø§Ù„ÙØªÙŠØ§Øª),DE,1342225
Upad kosovske policije u salu MitrovaÄkog dvora,DE,1206826
GET READY WITH US  Feat: JACLYN HILL & MANNY MUA,CA,1197269
ã€å…¬å¼ã€‘åŠ‡å ´ç‰ˆãƒã‚±ãƒƒãƒˆãƒ¢ãƒ³ã‚¹ã‚¿ãƒ¼ ï¼’ï¼ï¼‘ï¼˜ã€€ç‰¹å ±,DE,1163333
ã€å…¬å¼ã€‘åŠ‡å ´ç‰ˆãƒã‚±ãƒƒãƒˆãƒ¢ãƒ³ã‚¹ã‚¿ãƒ¼ ï¼’ï¼ï¼‘ï¼˜ã€€ç‰¹å ±,FR,1163333
ã€å…¬å¼ã€‘åŠ‡å ´ç‰ˆãƒã‚±ãƒƒãƒˆãƒ¢ãƒ³ã‚¹ã‚¿ãƒ¼ ï¼’ï¼ï¼‘ï¼˜ã€€ç‰¹å ±,CA,1163333
The ocean currents brought us in a lovely gift today...,US,1062124
KKW BEAUTY: Conceal. Bake. Brighten with Mario Dedivanovic,US,1045731
Camila Cabello Performs 'Never Be the Same' | Dancing On Ice 2018,US,1011961
Camila Cabello Performs 'Never Be the Same' | Dancing On Ice 2018,GB,1011961
GET READY WITH ME | Halo Beauty Launch Day,US,930151
æ˜ ç”»ã€BLEACHã€ç‰¹å ±ã€HDã€‘2018å¹´7æœˆ20æ—¥ï¼ˆé‡‘ï¼‰å…¬é–‹,FR,891358
GET READY WITH ME | Halo Beauty Launch Day,CA,839375
Game Of Thrones Season 8 Teaser | Promo | Official Trailer (HBO) #GoT8,CA,809699
DiriliÅŸ ErtuÄŸrul 95. BÃ¶lÃ¼m - ErtuÄŸrul Bey'in Alpleri ile KavuÅŸmasÄ±,DE,781498
Every Kevin Spacey Joke from Difficult People,GB,751858
FIRST LOOK: #KKWxMARIO,CA,709490
Upad kosovske policije u salu MitrovaÄkog dvora,FR,699725
KKW BEAUTY: Conceal. Bake. Brighten with Mario Dedivanovic,CA,661775
DiriliÅŸ 'ErtuÄŸrul' 97. BÃ¶lÃ¼m 1. FragmanÄ±,DE,594702
Ben BEENDET ALLES + GIBT ALLES ZU !!! | KÃ¶ln 50667,DE,582957
DiriliÅŸ ErtuÄŸrul 96 BÃ¶lÃ¼m 2. TanÄ±tÄ±m,DE,579756
Johnny Hallyday : les larmes de Renaud,FR,518291
Light up Dubai 2018 - Live Broadcast,CA,474777
Light up Dubai 2018 - Live Broadcast,FR,474777
Light up Dubai 2018 - Live Broadcast,DE,474775
Virginie Calmels - On n'est pas couchÃ© 10 mars 2018 #ONPC,FR,439642
Ø®Ø¨Ø± Ø¹Ù€Ù€ Ù€Ù€Ø§Ø¬Ù„  Ø£Ù†ØºÙŠÙ„Ø§ Ù…ÙŠØ±ÙƒÙ„ ØªÙØ§Ø­Ø¦  ØªØ±Ø§Ù…Ø¨ ÙˆØ²Ø¹Ù…Ø§Ø¡ Ø§Ù„Ø¹Ø§Ù„Ù… Ø¨Ù‚Ø±Ø§Ø± Ù…ÙØ§Ø¬Ø¦ Ø¹Ù† Ø§Ù„ÙØ¯Ø³ !!,DE,421833
Affaire MaÃ«lys: des restes du corps de la fillette ont Ã©tÃ© retrouvÃ©s,FR,380280
Vif Ã©change entre Aymeric Caron et Yann Moix #ONPC,FR,378622
Drake - Gods Plan [Cover by Ks] | Beat by AJAY | (Official Video),DE,363298
Performanca e â€œdy shoqeveâ€ qe ndezi skenen e â€œKenges Magjikeâ€,DE,359919
Liebe GrÃ¼ÃŸe fÃ¼r Neujahr 2018 - Happy New Year 2018,DE,357738
JÃ©rÃ©my Ferrari - On n'est pas couchÃ© 11 novembre 2017 #ONPC,FR,331092
Slooh's Blue Supermoon Total Lunar Eclipse,US,322998
Scott G. Overend I Self-Directed,DE,310986
TempÃªte Eleanor: des rafales Ã  180 km/h. 200 000 foyers sans Ã©lectricitÃ©,FR,309322
RenoJean RÃ©no. Ã©mu. lit un poÃ¨me pour son ami Johnny Hallyday,FR,307580
Ø¨Ø¹Ø¯ Ù‚Ø±Ø§Ø± ØªØ±Ø§Ù…Ø¨ Ø§Ù„Ø³Ø§Ø§ÙÙ„ ÙˆØ§Ù„Ù…Ù†Ø­Ø· ØªØ­Ù€Ù€ Ù€Ù€Ø°ÙŠØ± ØµÙ€Ù€ Ù€Ù€Ø§Ø¯Ù… ÙˆØºÙŠØ± Ù…Ø³Ø¨ÙˆÙ‚ Ù…Ù† Ø£ÙˆØ¨Ø§Ù…Ø§ Ø§Ù„Ù‰ Ø§Ù„Ø£Ù…Ø±ÙŠÙƒÙŠÙŠÙ† !!,FR,300840
CÃ©dric Villani - On n'est pas couchÃ© 24 mars 2018 #ONPC,FR,282452
Grands Corps Malade interprÃ¨te en live Dimanche soir #ONPC,FR,279650
JoeyStarr & Philippe Manoeuvre - On n'est pas couchÃ© 2 dÃ©cembre 2017 #ONPC,FR,275518
SÃ¶z 39.BÃ¶lÃ¼m-Ã‡aylak BombayÄ± Ä°mha Ederek Binlerce Ä°nsanÄ±n HayatÄ±nÄ± KurtardÄ±-En Efsanee Sahne,DE,270129
Lomepal - On n'est pas couchÃ© 17 mars 2018 #ONPC,FR,258064
Ø®Ø¨Ø± Ø¹Ù€Ù€ Ù€Ù€Ø§Ø¬Ù„  Ø£Ù†ØºÙŠÙ„Ø§ Ù…ÙŠØ±ÙƒÙ„ ØªÙØ§Ø­Ø¦  ØªØ±Ø§Ù…Ø¨ ÙˆØ²Ø¹Ù…Ø§Ø¡ Ø§Ù„Ø¹Ø§Ù„Ù… Ø¨Ù‚Ø±Ø§Ø± Ù…ÙØ§Ø¬Ø¦ Ø¹Ù† Ø§Ù„ÙØ¯Ø³ !!,FR,256340
Alain Finkielkraut - On n'est pas couchÃ© 25 novembre 2017 #ONPC,FR,250203
Ice dancer Gabriella Papadakis left red-faced after wardrobe malfunction during routine,CA,239611
Dy â€œvajza seksiâ€ i bashkohen Arditit ne prezantimin e â€œKenges Magjikeâ€,DE,238650
FranÃ§ois Ruffin - On n'est pas couchÃ© 14 avril 2018 #ONPC,FR,235210
Come To BeÅŸiktaÅŸ,DE,216462
Roger Federer vs Richard Gasquet Highlights AO 2018,FR,208810
DiriliÅŸ 'ErtuÄŸrul' 97. BÃ¶lÃ¼m 1. FragmanÄ±,FR,205727
B. Tapie. en larmes. mon cancer j'ai envie de lui pÃ©ter la gu...le 19/11,FR,203450
Laurent Baffie - On n'est pas couchÃ© 10 fÃ©vrier 2018 #ONPC,FR,196044
Der Chef GEFEUERT !!! | KÃ¶ln 50667,DE,188711
Ø´Ø§Ù‡Ø¯ Ø¯Ù‡Ø´Ø© Ø§Ù„Ø±Ø¦ÙŠØ³ Ø§Ù„ÙØ±Ù†Ø³ÙŠ Ø¥ÙŠÙ…Ø§Ù†ÙˆÙŠÙ„ Ù…Ø§ÙƒØ±ÙˆÙ† Ù…Ù† Ø§Ù„Ø±Ø¦ÙŠØ³ Ø§Ù„Ø¬Ø²Ø§Ø¦Ø±ÙŠ Ø¹Ø¨Ø¯ Ø§Ù„Ø¹Ø²ÙŠØ² Ø¨ÙˆØªÙÙ„ÙŠÙ‚Ø© Ø®Ù„Ø§Ù„ Ù…Ù‚Ø§Ø¨Ù„ØªÙ‡,FR,188060
Meteore 20171114,FR,179094
Alien qui danse !,FR,171354
Ben ist FREI !!! | KÃ¶ln 50667,DE,153899
ê¹€ì •ì€ ì•ˆë§Œë‚œë‹¤! íŠ¸ëŸ¼í”„ì˜ ì‹¤ìˆ˜? ë¬´ìŠ¨ ì¼ ìˆì—ˆë‚˜..,CA,153333
Felix ist von uns gegangen..ğŸ˜©ğŸ˜­ğŸ’” | KÃ¶ln 50667,DE,151011
WeihnachtsgrÃ¼ÃŸe / Frohe Feiertage,DE,142243
Official XFL Announcement with Vince McMahon,GB,142136
Liebe GrÃ¼ÃŸe fÃ¼r Silvester..Neujahr..Guten Rutsch..2018 happy New Year,DE,141431
Rudina/ Flet xhaxhai i 23-vjeÃ§arit qe vrau studenten: Ishin te lidhur  (22.01.2018),DE,139214
Official XFL Announcement with Vince McMahon,US,139068
Marc VERZEIHT Ben ? | KÃ¶ln 50667,DE,137759
Vince McMahon's Major Sports Announcement,US,132735
Vince McMahon's Major Sports Announcement,GB,132735
Eddy de Pretto - On n'est pas couchÃ© 3 mars 2018 #ONPC,FR,131349
IntÃ©grale - On n'est pas couchÃ© 11 novembre 2017 #ONPC,CA,122282
IntÃ©grale - On n'est pas couchÃ© 2 dÃ©cembre 2017 #ONPC,CA,120306
IntÃ©grale - On n'est pas couchÃ© 18 novembre 2017 #ONPC,CA,118969
ã€å…¬å¼ã€‘ã€ŒåŠ‡å ´ç‰ˆãƒã‚±ãƒƒãƒˆãƒ¢ãƒ³ã‚¹ã‚¿ãƒ¼ ã¿ã‚“ãªã®ç‰©èªã€äºˆå‘Šç·¨1,CA,114643
IntÃ©grale - On n'est pas couchÃ© 16 dÃ©cembre 2017 #ONPC,FR,114026
Flo SAGT Chico ALLES !!! | KÃ¶ln 50667,DE,112487
Message de la Maman de MaÃ«lys pour MaÃ«lys 28 Novembre 2017,FR,112321
PÃ«rrallÃ« me Tupan - Engjellusha Salihu (Engji),DE,111066
Jeanfi Janssens - On n'est pas couchÃ© 31 mars 2018 #ONPC,FR,108100
IntÃ©grale - On n'est pas couchÃ© 20 janvier 2018 #ONPC,FR,106213
Jan LIEBT Mel !!! | KÃ¶ln 50667,DE,105211
NeujahrsgrÃ¼ÃŸe / Frohes neues Jahr,DE,104148
Aude : au moins trois morts dans la prise d'otages du supermarchÃ©,FR,100548
Nikolaus ist da ğŸ… Greetings for St Nicholas DayğŸ„ 6.Dezember..NikolausgrÃ¼ÃŸe,DE,98114
IntÃ©grale - On n'est pas couchÃ© 13 janvier 2018 #ONPC,FR,95594
Accident Millas (66) : tÃ©moignage de la grand-mÃ¨re d'une des victimes,FR,95519
DJI Live - Adventure Unfolds,US,90365
Rudina/ Flet xhaxhai i 23-vjeÃ§arit qe vrau studenten: Ishin te lidhur  (22.01.2018),FR,88585
ValaMala Festive 2018,DE,88564
5SOS3 V1 // EUROPEAN TOUR,GB,86125
IntÃ©grale - On n'est pas couchÃ© 6 janvier 2018 #ONPC,FR,85721
IntÃ©grale - On n'est pas couchÃ© 3 fÃ©vrier 2018 #ONPC,FR,82214
Dy â€œvajza seksiâ€ i bashkohen Arditit ne prezantimin e â€œKenges Magjikeâ€,FR,82011
WeihnachtsgrÃ¼ÃŸe,DE,78238
ĞŸÑƒÑÑ‚ÑŒ Ğ³Ğ¾Ğ²Ğ¾Ñ€ÑÑ‚: Ğ‘Ğ¾Ğ³Ğ°Ñ‚Ñ‹Ğµ Ğ¿Ğ»Ğ°Ğ½Ñ‹ Ğ’Ğ¸Ñ‚Ğ°Ğ»Ğ¸Ğ½Ñ‹ - ĞšÑ‚Ğ¾ ÑĞ»ĞµĞ´ÑƒÑÑ‰Ğ¸Ğ¹? 30.11.2017,DE,77126
Zone e Lire/ Muharrem Ahmeti tregon femijerine: Kam kenduar ne koncertet e Lepa Brenes (29.12.17),DE,77002
Montpellier : Richy le sosie de Johnny Hallyday rÃ©agit Ã  la mort de son idole,FR,75771
Johnny Hallyday : 1943-2017,FR,75134
Prins Henriks bisÃ¦ttelse,DE,70482
After Foot du mardi 06/03 â€“ Partie 3/7 - DÃ©brief de PSG/Real Madrid (1-2),FR,62746
The Adventure Zone Season Two Announcement,CA,61961
Es ist kaltâ„ï¸ Sau kalte GrÃ¼ÃŸe von mir â›„cold greetingsâ„zieh dich warm an es herrscht HundekÃ¤lte,DE,61047
Camilla Cabello Performs 'Never Be the Same' | Dancing On Ice 2018,US,59606
Camilla Cabello Performs 'Never Be the Same' | Dancing On Ice 2018,GB,59606
Altwork 1 Minute Video,GB,58488
14. MÃ¤rz: Unfall A2 Lastwagen Muttenz,FR,56640
H. Aufray. soupÃ§onneux : Quelqu'un a influencÃ© Johnny pour son testament 26/2,FR,55869
Critical Role | Campaign 2 Episode 12,CA,54454
Witz -  Merkel zu Besuch in Kenia,DE,53837
S. Vartan (au Grand Rex) se moque et nargue Laetitia Hallyday! 16/3,FR,51043
Le clan Hallyday rend hommage Ã  France Gall,FR,50678
GrÃ¼ÃŸe zum zweiten Advent,DE,48195
Aude : les premiÃ¨res images de la fusillade Ã  TrÃ¨bes,FR,47971
Xing me Ermalin/ â€œTi me pelqen shumeâ€. Elvana Gjata puth â€˜liveâ€™ Kejvina Kthellen (17.02.2018),FR,46650
BUJICA 01.12.2017. ANTE PRKAÄŒIN O GENERALU PRALJKU. STIPI MESIÄ†U I HAAÅ KOJ PRESUDI!,DE,46574
BUJICA 29.11.2017. GENERAL SLOBODAN PRALJAK - JUNAK! Gost: Ljubo Ä†esiÄ‡ Rojs,DE,46434
Ø§Ù„Ø¬ÙˆÙ„Ø© 6 : Ø§Ù„ØªØ±Ø¬ÙŠ Ø§Ù„Ø±ÙŠØ§Ø¶ÙŠ Ø¨ØªÙˆÙ†Ø³ - Ø§Ù„Ù†Ø§Ø¯ÙŠ Ø§Ù„Ø§ÙØ±ÙŠÙ‚ÙŠ,FR,45793
Xing me Ermalin/ Si dukej Elvana Gjata dhe Ermal Mamaqi vite me pare (17.02.2018),DE,42432
Guten Morgenâ˜•ich wÃ¼nsche dir einen schÃ¶nen Weihnachtstag ğŸ„nice christmas day,DE,42019
Attaques terroristes dans l'Aude: trois morts. le preneur d'otages abattu,FR,41976
JOSEPH KABILA AKITI BANDUNDU PONA BA NGOMBE CARDINAL MOSENGWO ALOBI ABIMA CONGO AVANT EYINDA,FR,41614
Les portraits qui font l'actualitÃ© - On n'est pas couchÃ© 13 janvier 2018 #ONPC,FR,40177
ELIEZER NA MAKALA. SOULEVEMENT POPULAIRE.  SHADARI:KATUMBI  DELPIRHO MORINO DOKOLO  ABOYI MINDUKI,FR,39956
After Foot du jeudi 15/03 â€“ Partie 2/3 - DÃ©brief d'Athletic Bilbao/OM (1-2),FR,39422
GrÃ¼ÃŸe zum Valentinstag fÃ¼r Freunde,DE,39307
Spoony & April Review Star Wars The Last Jedi (12-17-17),GB,39219
Tariq Ramadan : Â« Tu tâ€™es dÃ©jÃ  touchÃ©e en pensant Ã  moi ? Â» ! Une victime du prÃ©dicateur tÃ©moigne.,FR,38594
Critical Role | Campaign 2 Episode 4,CA,37562
Breaking Bad's Bryan Cranston on Meeting Charles Manson,US,37346
Arizona State introductory press conference of Herm Edwards,US,36929
Hylics 2 Preview,GB,36649
Lass Dich Ã¼berraschen ğŸƒğŸŒ¸ğŸƒwas das Wochenende Dir bringtğŸ€Liebe GrÃ¼ÃŸe von mirğŸ˜Š,DE,35256
After Foot du mardi 27/03 â€“ Partie 2/3 - DÃ©brief de Russie/France (1-3),FR,33991
Johnny : Laeticia publie un trÃ¨s Ã©trange communiquÃ©! DÃ©cryptage - 1/3,FR,33405
Alain Bashung : comment il a dÃ©shÃ©ritÃ© son fils,FR,33384
Tagesenergie Kurzmeldung vom 16.01.2018,DE,32548
JW's NeujahrsgrÃ¼ÃŸe 2018,DE,32024
Zauberhafte Oster GrÃ¼ÃŸe - Frohe Ostern ! - Happy Easter !,DE,31893
Saut HermÃ¨s 2018 Day 3,FR,31875
Les EnfoirÃ©s - Je joue de la musique (Strasbourg - 2018),FR,31280
Freitag GruÃŸ fÃ¼r dich ğŸ’Œkomm gut ins WochenendeğŸŒ¸- nice Friday,DE,31235
Laurence Boccolini lÃ¨ve le voile sur sa maladie,FR,30791
PÃ«rrallÃ« me Tupan - Xhafer Tahiri. Aferdita Demaku. HoxhÃ« Burhan Zejnullahu,DE,30767
After Foot du mercredi 14/02 â€“ Partie 2/7 - DÃ©brief de Real Madrid/PSG (3-1),FR,30486
Alain Baracuda alobi annÃ©e 2018 eza suite et fin ya kabila. Soki esimbi te atiki combat libela,FR,30443
TOLOnews 6pm News 08 February 2018 / Ø·Ù„ÙˆØ¹ Ù†ÛŒÙˆØ²ØŒ Ø®Ø¨Ø± Ø³Ø§Ø¹Øª Ø´Ø´ØŒ Û±Û¹ Ø¯Ù„Ùˆ Û±Û³Û¹Û¶,DE,30035
Lâ€™affaire Pierre-Ambroise Bosse vue par Alain Soral,FR,29368
Hommage Ã  Johnny Hallyday sur les Champs ElysÃ©es (9 dÃ©cembre 2017. Paris),FR,29220
Jean-Marie Le Pen - Grandes Gueules RMC,FR,28407
ENFIN KAGAME LACHE KABILA. ANDIMI KOKENDE MINDUKI EZA NAKATI YA CONGO EKOLELA,FR,27972
Manifestation sous haute tension Ã  Montpellier : des heurts avec la police ont Ã©clatÃ©,FR,27924
Arielle Dombasle obligÃ©e de se cacher pour prÃ©server son couple ?,FR,27846
Wochenende ğŸŒ Zeitumstellung  auf Sommerzeit ğŸ•‘ğŸ•’bitte denke daran ğŸ˜‰,DE,27717
Les reportages dâ€™ERTV â€“ Le procÃ¨s du 14 mars 2018,FR,27582
SchÃ¶nen 3. Advent,DE,27361
PÃ«rrallÃ« me Tupan Festive 2018,DE,27061
Attentats Ã  TrÃ¨bes et Carcassonne : que s'est-il passÃ© ?,FR,25830
Je n'Ã©tais jamais venue sur la ZAD,FR,25177
After Foot du mardi 05/12 â€“ Partie 2/4 - DÃ©brief de Bayern Munich/PSG (3-1),FR,24820
Anita Latifi - Bleib so (Official Video),DE,24112
Amir - On n'est pas couchÃ© 24 fÃ©vrier 2018 #ONPC,FR,23975
PremiÃ¨re apparition tÃ©lÃ© de Guy NovÃ¨s depuis son Ã©viction,FR,23653
GrÃ¼ÃŸe zum Frauentag,DE,23420
Zeitumstellung - Achtung nicht vergessen ğŸŒ Sommerzeit ğŸ•‘ğŸ•’ liebe GrÃ¼ÃŸe von mir,DE,23368
RÃ©cupÃ©rez les Ã©pisodes de CDZA ! Vite !,FR,22888
On nettoie lâ€™info â€“ Mars 2018,FR,22715
How to Write-In for the Alabama Special Election. Roll Tide!,US,22690
Tagesenergie Wecksignale vom 03.02.2018,DE,22521
GrÃ¼ÃŸe fÃ¼r ein tolles Wochenende ğŸ’Œ,DE,22046
19.03.2018 PEGIDA live Ã¼ber die Redefreiheit - Pegida live about the freedom of speech,DE,21459
After Foot du mercredi 22/11 â€“ Partie 2/4 - DÃ©brief de PSG/Celtic Glasgow (7-1),FR,21198
Es gibt immer jemandenğŸƒğŸŒºğŸƒder dein Leben lebenswert   macht ğŸ§¡ Liebe GrÃ¼ÃŸe von mir â˜˜,DE,21031
OstergrÃ¼ÃŸe / Frohe Ostern,DE,20758
FARAKHABAR: Ghani Approves Resignation of Balkh Governor,DE,20752
Tagesenergie Kurzmeldung vom 19.01.2017,DE,20726
Derby: Schalke 04 - Borussia Doofmund,DE,20683
Djihadistes l impossible retour,FR,20088
05.03.2018 PEGIDA live vom Neumarkt an der Frauenkirche Dresden,DE,19771
alexanders Tagesenergie vom 15.02.2018,DE,19621
Alain Soral Ã  Pyongyang â€“ La CorÃ©e du Nord. un modÃ¨le pour la France ?,FR,19582
Montpellier : Richy le sosie de Johnny Hallyday parle de son idole,FR,19387
GrÃ¼ÃŸe zum  Fasching. Karneval. FastnachtğŸˆmit lieben GrÃ¼ÃŸen von mirğŸ¸ğŸ¬es ist Narrenzeit,DE,18968
Mort de Johnny Hallyday : Ambiance devant son domicile (6 dÃ©cembre 2017. Marnes-la-Coquette. France),FR,18967
TOLOnews 6pm News 17 November 2017 / Ø·Ù„ÙˆØ¹ Ù†ÛŒÙˆØ²ØŒ Ø®Ø¨Ø± Ø³Ø§Ø¹Øª Ø´Ø´ØŒ Û²Û¶ Ø¹Ù‚Ø±Ø¨ Û±Û³Û¹Û¶,DE,18566
Engel-Monatsorakel fÃ¼r Dezember 2017 - Conny Koppers,DE,18519
SHE OKITUNDU MUTAKALA LIBANDA kokamua,FR,18318
La gare centrale de Milan : marchÃ© de la drogue Ã  ciel ouvert.,FR,18311
FARAKHABAR: Noor Says NUG Has No Authority To Fire Him,DE,18200
Skandal: Familiennachzugs-Gesetz bringt Deutschland zu Fall,DE,18063
BUJICA 27.12.2017. STIPE MESIÄ†; DOSSIER UDBE - 2. DIO (Gost: Slaven Letica),DE,17341
Les portraits qui font l'actualitÃ© - On n'est pas couchÃ© 3 mars 2018 #ONPC,FR,17263
La violente rÃ©plique de Thierry Ardisson Ã  StÃ©phane Guillon,FR,16784
22.01.2018 PEGIDA live vom Neumarkt an der Frauenkirche,DE,16682
Laeticia. haÃ¯e de tout un peuple et dos au mur. doit-elle s'exprimer? 8/3,FR,16606
Liebe GrÃ¼ÃŸe vom Weihnachtsmann ğŸ„ich hoffe er kommt pÃ¼nktlich bei dir an ğŸ…,DE,16224
SantÃ© de Johnny Hallyday : l'immense dÃ©tresse des fans,FR,15982
NUREA TV - Annonce importante ! 15/12/17,FR,15779
Amazing fireball over Germany on 14.11.2017,FR,15719
13.11.2017 PEGIDA live vom Hauptbahnhof Dresden,DE,15432
Mein Wunsch fÃ¼r Ostern ğŸ° mit lieben GrÃ¼ÃŸen fÃ¼r dich ğŸ’ŒğŸ’,DE,15229
Affrontements et blocage de la prison de Fleury-MÃ©rogis (18 janvier 2017. Fleury-MÃ©rogis. France),FR,15129
Dolores O'Riordan. la chanteuse des Cranberries. est morte,FR,15059
04.12.2017 PEGIDA live vom Theaterplatz an der Semperoper Dresden,DE,14990
BLACK AND WHITE: e-NIC Rollout Discussed /  Ø³ÛŒØ§Ù‡ ÙˆØ³ÙÛŒØ¯: Ø¨Ø±Ø±Ø³ÛŒ Ù…ÙˆØ§Ù†Ø¹ Ø¯Ø± Ø±ÙˆÙ†Ø¯ ØªÙˆØ²ÛŒØ¹ Ø´Ù†Ø§Ø³â€ŒÙ†Ø§Ù…Ù‡â€ŒÙ‡Ø§ÛŒ Ø¨Ø±Ù‚ÛŒ,DE,14905
06.01.2018. Novinarka Bujice postavila Pupovcu nezgodna pitanja!,DE,14761
Uhr umstellen auf Sommerzeit / GrÃ¼ÃŸe zum Wochenende,DE,14135
27.11.2017 PEGIDA live vom Theaterplatz,DE,14060
After Foot du jeudi 08/02 â€“ Partie 1/3 - DÃ©brief de Grenoble/Strasbourg (0-3),FR,13687
S.O.S   Wie geht es weiter?,DE,13478
Engel-Orakel fÃ¼r April 2018 - Conny Koppers,DE,13452
JOURNALISTE YA ALJAZEERA ALELI LAMBERT MENDE NA MUNOKO YA MBOKA INTERPRETATION,FR,13381
Vincent Dedienne & Laure Calamy - On n'est pas couchÃ© 6 janvier 2018 #ONPC,FR,13302
Regenwetter GrÃ¼ÃŸe / Bauernregel im Januar,DE,13247
Frauenmarsch - Demo Berlin 17.02.18 â€“ Teil 1,DE,13046
FARAKHABAR: Noor-Ghani Rift Discussed,DE,13010
After Foot du mercredi 04/04 â€“ Partie 2/4 - DÃ©brief de Liverpool/Manchester City (3-0),FR,12230
After Foot du mercredi 14/03 â€“ Partie 2/4 - DÃ©brief de Barcelone/Chelsea (3-0),FR,12138
After Foot du lundi 02/04 â€“ Partie 6/6 - Les avis tranchÃ©s de Simone Rovera et David Lortholary,FR,12123
PURSO PAL: Former President Najibullahâ€™s Era Discussed,DE,11306
SilvestergrÃ¼ÃŸe / Guten Rutsch,DE,11250
Live BARBARA (SS11) : Son amitiÃ© avec Laura .clash Laura / Marie . Julien ou Benjamin elle rÃ©pond,FR,11208
alexanders Tagesenergie vom 22.03.2018 Teil 1,DE,10971
Caen BMX indoor LIVE  2018 Samedi,FR,10862
France Gall - Parle de l'Afrique.,FR,10772
After Foot du lundi 12/02 â€“ Partie 3/6 - Les questions de l'After,FR,10614
After Foot du lundi 05/02 â€“ Partie 6/6 - Les avis de Simone Rovera et David Lortholary,FR,10587
After Foot du vendredi 23/03 â€“ Partie 2/3 -  DÃ©brief de France/Colombie (2-3),FR,10583
Ø¨Ø±Ù†Ø§Ù…Ù‡ ÙˆÛŒÚ˜Ù‡ Ø´Ø¨ ÛŒÙ„Ø¯Ø§ Ø§Ø² ØªÙ„ÙˆÛŒØ²ÛŒÙˆÙ† Ø¨ÛŒâ€ŒØ¨ÛŒâ€ŒØ³ÛŒ,CA,10291
Guten Rutsch / SilvestergrÃ¼ÃŸe,DE,10262
Die SENSITIVA UNIVERSEÂ® 9er Tarotlegung | Wen bringt Dir das Universum zurÃ¼ck und warum? â™¥,DE,10217
Das SENSITIVA UNIVERSEÂ® Dualseelenorakel | Findet ihr wieder zueinander? â™¥,DE,10215
Jean-Marie Le Pen - Bourdin Direct BFM TV,FR,10179
After Foot du lundi 26/02 â€“ Partie 3/6 - Les questions de l'After,FR,10148
IntÃ©grale - On n'est pas couchÃ© 24 fÃ©vrier 2018 #ONPC,FR,10043
GrÃ¼ÃŸe zum Wochenanfang,DE,9419
After Foot du lundi 29/01 â€“ Partie 3/6 - Les questions de l'After,FR,9412
IntÃ©grale - On n'est pas couchÃ© 14 avril 2018 #ONPC,FR,9245
IntÃ©grale - On n'est pas couchÃ© 10 fÃ©vrier 2018 #ONPC,FR,9243
IntÃ©grale - On n'est pas couchÃ© 10 fÃ©vrier 2018 #ONPC,CA,9243
After Foot du mercredi 28/02 â€“ Partie 2/3 - DÃ©brief de PSG/OM (3-0),FR,9210
After Foot du mercredi 21/02 â€“ Partie 4/4 - Claudio Ranieri Ã©tait l'invitÃ© de Team Duga,FR,9096
Gilad Atzmon interrogÃ© par la tÃ©lÃ©vision turque : Le temps joue contre IsraÃ«l,FR,9054
Das SENSITIVA UNIVERSEÂ® Pick a Card Orakel | Wie denkt und fÃ¼hlt er/sie gerade Ã¼ber Dich? â™¥,DE,9042
Diese geheime Botschaft versteckt sich in den Kornkreisen und das sind ihre wahren SchÃ¶pfer,DE,8973
Mythes & PrÃ©jugÃ©s : Vegan. B12. Soja & DÃ©tox printaniÃ¨re...,FR,8973
NikolausgrÃ¼ÃŸe,DE,8765
ØµÙØ­Ù‡ Ø¯Ùˆ Ø¢Ø®Ø±Ù‡ÙØªÙ‡: Ø¹Ø°Ø±Ø®ÙˆØ§Ù‡ÛŒ Ø±Ù‡Ø¨Ø± Ø§ÛŒØ±Ø§Ù† Ùˆ Ù¾ÛŒØ´Ù†Ù‡Ø§Ø¯Ø§Øª Ø§Ø­Ù…Ø¯ÛŒâ€ŒÙ†Ú˜Ø§Ø¯,CA,8737
Tagesenergie Wecksignal vom 10.02.2018 Kommt der Crash jetzt?,DE,8635
Xing me Ermalin/ A do kthehesh te jetosh ne Shqiperi? Bleona surprizon me pergjigjen  (18.11.17),DE,8620
alexanders Tagesenergie vom 22.03.2018 Teil 2,DE,8121
Was kann Boschs neue Akku-FrÃ¤se - verglichen mit einem Hobel?,DE,8110
Lâ€™Esprit dâ€™escalier 21 janvier 2018  / Alain Finkielkraut & Elisabeth Levy,FR,7955
1 - Emran & Anita - 23.12.2017 | Azat King. Elmas Struja. Arbeni. Xheta & Iliriani | Studio StarHD,DE,7919
ma vie en Tesla : panne et extension de garantie. prÃªt d'une p90dl ludicrus par Ã‰lÃ©ctron libre,FR,7902
Millas (66) : collision grave entre un bus scolaire et un TER,FR,7846
Le mystÃ©rieux message de Laura Smet. moins de deux mois aprÃ¨s le dÃ©cÃ¨s de Johnny,FR,7822
16.12.2017 Weihnachten mit PEGIDA Dresden - Theaterplatz an der Semperoper,DE,7787
Journal de bord de Jean-Marie Le Pen nÂ°502,FR,7663
Die Drei Fragezeichen im Bann des Drachen (Neu) - Folge 192,DE,7656
Das SENSITIVA UNIVERSEÂ® Kreuzorakel der Kelten | Was passiert mir Dir? Dualseelenprozess? â™¥,DE,7646
Jean-Marie Le Pen - MÃ©moires Fils de la Nation (JT 20h - TF1),FR,7635
After Foot du jeudi 15/02 â€“ Partie 2/3 - Retour sur Marseille/Braga (3-0),FR,7457
Le Tournant de la RÃ©gence : John Law et son systÃ¨me â€“ ConfÃ©rence de Marion Sigaut Ã  Annemasse,FR,7173
Lâ€™ esprit dâ€™escalier 10 DÃ©cembre 2017 / Alain Finkielkraut & Elisabeth Levy,FR,7069
IntÃ©grale - On n'est pas couchÃ© 31 mars 2018 #ONPC,CA,6957
IntÃ©grale - On n'est pas couchÃ© 31 mars 2018 #ONPC,FR,6957
Das SENSITIVA UNIVERSEÂ® Fatum Orakel | Wie lauten die Antworten auf all Deine Fragen? â™¥,DE,6850
Claude FranÃ§ois n'est pas mort dans sa baignoire,FR,6843
After Foot du mercredi 28/03 â€“ Partie 3/4 - L'avis tranchÃ© de Stephan Rozenbaum sur le BrÃ©sil,FR,6820
Lâ€™Esprit dâ€™escalier : Alain Finkielkraut & Elisabeth Levy,FR,6796
JARRY DANS TOUS SES ETATS - Pour la 100Ã¨me de Vendredi tout est permis,FR,6734
IntÃ©grale - On n'est pas couchÃ© 3 fÃ©vrier 2018 #ONPC,CA,6717
RoÃŸhaupten â€“ Vollbrand eines Gastronomiebetriebs â€“ hoher Sachschaden,DE,6600
Das SENSITIVA UNIVERSEÂ® Du & Ich Orakel | Wie geht es mit Eurer Liebe weiter? â™¥,DE,6599
qu'est-ce qui s'est Ã©crasÃ© dans l'antartique ? 4 mars 2018.,FR,6566
Messing drechseln - es geht leichter als gedacht!,DE,6496
CÃ©dric Rey. le faux rescapÃ© du Bataclan qui a piÃ©gÃ© survivants et mÃ©dias,FR,6402
E. Macron mal Ã  l'aise quand Erdogan tacle un journaliste franÃ§ais! 5/1,FR,6380
Engel Orakel der Woche vom 15. bis 21. Januar 2018,DE,6361
Mobylette Peugeot 50cc TSR a fond sur l'autoroute americaine,FR,6332
After Foot du mercredi 21/02 â€“ Partie 2/4 - DÃ©brief de Chakhtior Donetsk/AS Rome (2-1),FR,6262
Tensions lors d'une manif contre l'esclavage en Libye (18 novembre 2017. Champs ElysÃ©es. Paris),FR,6261
GrÃ¼ÃŸe zum FrÃ¼hlingsanfang,DE,6193
8 FaÃ§ons d'Avoir Une Grande VIE,FR,6137
Manifestation du 22 mars Ã  Paris,FR,6107
E&R Aquitaine : M. Soral. on vous aime.,FR,6026
Lâ€™ esprit dâ€™escalier 26 Novembre 2017 / Alain Finkielkraut & Elisabeth Levy,FR,5965
Das SENSITIVA UNIVERSEÂ® Kreuzorakel der Kelten | Was lange wÃ¤hrt wird endlich gut? â™¥,DE,5962
Le mÃ©nage au chrono !,FR,5942
After Foot du jeudi 01/03 â€“ Partie 2/3 - DÃ©brief de Las Palmas/BarÃ§a (1-1),FR,5928
2 mois pour trier. organiser et nettoyer : Semaine 3 / Les chambres,FR,5927
Damien Viguier â€“ La Syrie se libÃ¨re !,FR,5909
Haka 27e BCA,FR,5875
Lâ€™ esprit dâ€™escalier 17 DÃ©cembre 2017 / Alain Finkielkraut & Elisabeth Levy,FR,5788
Das SENSITIVA UNIVERSEÂ® Partnerschaftsorakel | Wer von Euch betreibt Selbstsabotage? â™¥,DE,5780
Metra 70 ya du lourd de chez lourd,FR,5750
Mystery Banden Talk #3,DE,5741
KAMPFKUNST LIFESTYLE Trainingsplatz,DE,5718
Liebe GrÃ¼ÃŸe die von Herzen kommen sind nur fÃ¼r dich ğŸ’—schÃ¶n. dass es dich gibt  ğŸ’—,DE,5677
Routine matinale : prendre un bon dÃ©part !,FR,5598
Miss France 2018 : le jury n'avait pas votÃ© pour MaÃ«va Coucke,FR,5565
Lâ€™Esprit dâ€™escalier 18 FÃ©vrier 2018 / Alain Finkielkraut & Elisabeth Levy,FR,5490
Das SENSITIVA UNIVERSEÂ® Buddhas Hinweis Orakel | Wie lautet Buddhas Hinweis fÃ¼r Dich? â™¥,DE,5419
Emeutes nutella 25 janvier 2018 loire intermarchÃ©,FR,5382
alexanders Tagesenergie #113 Teil 1 - zu Gast Frank Stoner,DE,5352
La Ram vous souhaite ses meilleurs vÅ“ux pour l'annÃ©e 2018,FR,5311
BrandgefÃ¤hrliches LeinÃ¶l - so gehen Sie auf Nummer sicher,DE,5280
After Foot du mardi 17/04 â€“ Partie 2/3 - DÃ©brief de Leverkusen/Bayern Munich (2-6),FR,5208
Preparation gros kit 75 Polini !,FR,5190
Jean-Marie Le Pen - Le Carrefour de l'info CNEWS / Jean-Pierre Elkabbach,FR,5183
After Foot du jeudi 08/02 â€“ Partie 2/3 - Le LOSC est-il en train de couler ?,FR,5152
Rudolf Steiner attaquÃ© par les LucifÃ©riens et les satanistes,FR,5144
Zeitreisender Tim Toss begegnet im Jahr 2202 den wiedergeborenen Jesus Christus,DE,5130
Grosse prepa Motobecane qui marche fort !!!,FR,4990
Das SENSITIVA UNIVERSEÂ® Orakel des Cupido | Das Orakel fÃ¼r Singles & Seelenpartnerschaften â™¥,DE,4981
Nicolas Rey - On n'est pas couchÃ© 17 mars 2018 #ONPC,FR,4977
FÃ¤lzen. nuten. fertig: Feines KÃ¤stchen nur mit Handwerkzeug,DE,4948
ThermomixÂ® TM5 - sÃ¼ÃŸe OsterhÃ¤schen,DE,4945
Team Tomahawk France saison 2018 c'est la grosse patate !,FR,4927
Der ProzeÃŸ gegen Monika SchÃ¤fer und Sylvia Stolz!,DE,4907
Pucharelli 74cc Supa Chupa c'est fini,FR,4795
Bring it on Rudi !,FR,4725
Projet 77 big bore - Poulie Mykitech en 17mm,FR,4720
Le Tour anniversaire E&R : Lille â€“ Lâ€™intervention de Pierre Hillard,FR,4706
Matt dechire le bitume de Los Angeles en mob,FR,4699
Lâ€™Esprit dâ€™escalier 04 FÃ©vrier 2018 / Alain Finkielkraut & Elisabeth Levy,FR,4688
GrÃ¼ÃŸe zum Nikolaus,DE,4610
Das SENSITIVA UNIVERSEÂ® Orakel Beruf & Finanzen | JahresÃ¼berblick 2018 fÃ¼r alle 12 Sternzeichen â™¥,DE,4605
Lâ€™Esprit dâ€™escalier 11 FÃ©vrier 2018 / Alain Finkielkraut & Elisabeth Levy,FR,4597
Street Racer fabrication du lanceur,FR,4565
Metra 70cc debut reglages carbu Polini CP 24mm,FR,4546
Passage carbu Polini sur 103 SP la grosse galÃ¨re,FR,4463
Schlafsack: â€Biopod DownWool Subzero 185â€œ von GrÃ¼ezi-Bag,DE,4448
Kit Polini 70cc - quelques explications en detail,FR,4403
Voeux de Jean-Marie Le Pen. PrÃ©sident d'honneur du Front National. DÃ©putÃ© EuropÃ©en,FR,4397
Le Moyen Ã‚ge au cinÃ©ma â€“ Entretien avec Claire Colombi,FR,4382
Street Racer reservoir moto style agressif,FR,4373
After Foot du jeudi 08/03 â€“ Partie 3/3 - Les infos du jour,FR,4320
Un sprint entre les balles: l'impressionnante dÃ©fection d'un nord-corÃ©en,FR,4273
Wunschpartner Orakel   22 .11. bis  29. 11. Â´17,DE,4209
After Foot du mardi 06/03 â€“ Partie 7/7 - Retour sur Liverpool/Porto (0-0),FR,4194
Journal de bord de Jean-Marie Le Pen nÂ°494,FR,4189
Kay Gottschalk: Polizei in Hannover hat mich nicht geschÃ¼tzt,DE,4176
Le retour du fils prodigue...,FR,4176
On repare tout les mopeds et les vans,FR,4162
Tischgrill â€Vesuvioâ€œ von Feuerdesign,DE,4136
Demonte moteur Polini 70 proto vario Puch Magnum,FR,4124
Sarah Michelle Gellar Vs. Sarah Michelle Prinze,US,4050
Franck Dubosc - On n'est pas couchÃ© 10 mars 2018 #ONPC,FR,4040
On rÃ©pare du boguet Puch et Tomos,FR,4034
21. Spieltag FC Energie Cottbus - Vfb Auerbach 10.02.2018 13:30 Uhr,DE,4020
Reparation vario Bidalot quel boulot,FR,4013
Dog Reunites With Family After Nearly Three Years,FR,4006
Studio Star Show | Gezuar 2018 me Ymer Smajlin [Emision i PlotÃ«],DE,3990
Journal de bord de Jean-Marie Le Pen nÂ°490,FR,3988
Cale aluminium Metrakit 70cc,FR,3968
Damien Viguier â€“ Le rÃ´le de lâ€™avocat,FR,3946
2 mois pour trier. organiser et nettoyer : La salle Ã  manger et le salon,FR,3942
Pucharelli derniere video embarquee,FR,3927
Faire avancer vos projets crÃ©atifs en 6 conseils,FR,3921
After Foot du jeudi 25/01 â€“ Partie 1/3 - DÃ©brief de Strasbourg/Lille (2-1),FR,3892
Elisabeth Revol. l'alpiniste franÃ§aise. raconte son sauvetage en Himalaya,FR,3887
Trader Green Room: All Evening Long,US,3831
Proto MBK G2 Bidalot presentation,FR,3796
Johnny Hallyday : la jolie surprise du cÃ©lÃ¨bre chef Jean Imbert,FR,3783
Jacques Higelin malade ? L'inquiÃ©tante dÃ©claration de Bernard Lavilliers,FR,3763
Rede von Christian Lindner beim DreikÃ¶nigstreffen der Freien Demokraten 2018,DE,3761
Richard Berry est en deuil,FR,3737
Tomahawk Racing le parcours en vrac,FR,3697
Config Metra 70 montage bas moteur,FR,3683
Patrick Henry est mort,FR,3666
After Foot du lundi 26/03 â€“ Partie 6/6 - Les avis de Simone Rovera et David Lortholary,FR,3650
Dualseelen Orakel 16.1. bis 22.1.18,DE,3646
En prison pour avoir sauvÃ© des vies. et la suppression de la Vit. C en injectable,FR,3622
ThermomixÂ® TM5 - Herzhafter Brotkranz mit Backcamembert,DE,3603
Les lÃ©gumes guÃ©rissent le cancer. la cannelle fait maigrir. les enzymes...,FR,3599
ESPRIT DE L'ESCALIER EN DIRECT,FR,3564
Sans filet 20,FR,3554
MBK silent bloc super bloc ultra bloc,FR,3550
After Foot du lundi 26/02 â€“ Partie 2/6 - Lâ€™avis tranchÃ© de Jonatan MacHary sur Bruno Genesio,FR,3540
After Foot du lundi 19/02 â€“ Partie 4/6 - L'avis tranchÃ© de Simone Rovera sur Naples,FR,3450
After Foot du mercredi 21/03 â€“ Partie 3/6 - L'avis de Gilbert Brisbois sur Nicolas de Tavernost,FR,3442
Sleeper 1972 Oldsmobile Cutlass 400 CV coupleux !,FR,3402
After Foot du lundi 16/04 â€“ Partie 4/6 - L'avis tranchÃ© de David Lortholary sur le Bayern,FR,3329
FECG Lahr - Flashmob 2017,DE,3322
PrÃ©parer NoÃ«l (3) : 1 semaine avant d'entrer dans l'Avent,FR,3265
Inondations Ã  Figeac. des personnes Ã©vacuÃ©es,FR,3231
Communication Nonviolente : Je ne suis pas une Girafe !,FR,3173
Une bagarre fait deux morts Ã  Toulouse,FR,3147
PrÃ©parer NoÃ«l (4) : Dans quelques jours. c'est l'Avent !,FR,3032
After Foot du lundi 19/03 â€“ Partie 3/6 - Les questions de l'After,FR,2992
Soral rÃ©pond... sur ERFM ! â€“ QuatriÃ¨me fournÃ©e !,FR,2990
Montage haut moteur Metrakit 70,FR,2958
PrÃ©sentation de la nouvelle Ã©quipe dirigeante - 13 dÃ©cembre 2017,FR,2913
After Foot du vendredi 22/12 â€“ Partie 3/4 - Retour sur Real/BarÃ§a,FR,2907
After Foot du vendredi 05/01 â€“ Partie 3/6 - L'avis tranchÃ© de FranÃ§ois Manardo sur le PSG,FR,2780
After Foot du mercredi 07/02 â€“ Partie 2/3 - DÃ©brief de Lens/Troyes (1-0),FR,2733
MarchÃ© de NoÃ«l : Audience au Tribunal Administratif avec Campion (14 novembre 2017.. Paris),FR,2707
Voeux de Laurent Wauquiez pour l'annÃ©e 2018,FR,2703
After Foot du mardi 20/03 â€“ Partie 3/3 - Finale de la Coupe du monde 1998 : BrÃ©sil/France (0-3),FR,2668
Momoutator. l'agenda 21 et le mercure...,FR,2609
UN JOUR VIENDRA...,FR,2573
ConfÃ©rence Live de Philippe Jandrok et Hassan Bodih chez Saber Solo,FR,2565
After Foot du jeudi 01/02 â€“ Partie 5/6 - L'After Story,FR,2549
After Foot du jeudi 16/11 â€“ Partie 5/6 - L'avis tranchÃ© de Philippe Auclair sur Mauricio Pochettino,FR,2530
Un spectacle hors de l'ordinaire Ã  Niagara Falls,FR,2432
Terre Plate - Trailer : Le Fleuve Mississippi Le Prouve ! - MGTV Terre Plate,FR,2416
After Foot du jeudi 21/12 â€“ Partie 3/6 - L'avis tranchÃ© de Gilbert Brisbois,FR,2405
Licht & Schatten/Was belastet Dich oder Dein gegnÃ¼ber gerade. was sind di Positiven Aspekte?,DE,2348
Dualseelen Orakel 27.12. - 31.12.Â´17,DE,2288
Liebesorakel 19. - 26.11.`17,DE,2258
Tell Hollywood to stand with immigrants,US,2093
Les pollutions Ã©lectromagnÃ©tiques. OUI. c'est dangereux!,FR,1910
Reparation galere sur la Tomos Targa LX,FR,1829
Gros barbeuc mexicain pour l'anniversaire de Jose',FR,1270
La violence cachÃ©e de nos parts Ã©volutives (RCV000260),FR,1211
